Timestamp,Temperature,Humid,AQ_value,Sound_value,,,
15:59:56,10,78,24,236,,,
15:59:58,9,79,23,8,,,
15:59:59,9,79,23,9,,,
16:00:00,9,79,23,10,,,
16:00:02,9,79,24,91,,,
16:00:03,9,79,23,92,,,
Timestamp,Temperature,Humid,AQ_value,Sound_value,,,
16:00:08,9,79,23,10,,,
16:00:09,9,80,22,257,,,
16:00:11,9,80,23,52,,,
16:00:12,9,80,23,172,,,
16:00:13,9,80,22,9,,,
16:00:15,9,80,21,10,,,
16:00:16,9,80,22,10,,,
16:00:17,9,80,22,10,,,
16:00:19,9,80,22,9,,,
16:00:20,9,80,22,197,,,
16:00:21,9,80,22,10,,,
16:00:22,9,80,22,10,,,
16:00:24,9,80,22,10,,,
16:00:25,9,80,22,10,,,
16:00:26,9,80,22,10,,,
16:00:28,9,80,22,9,,,
16:00:29,9,80,21,10,,,
16:00:30,9,80,22,10,,,
16:00:32,9,80,22,11,,,
16:00:33,9,80,22,10,,,
16:00:34,9,80,22,67,,,
16:00:35,9,80,20,11,,,
16:00:37,9,80,21,10,,,
16:00:38,9,80,22,758,,,
16:00:39,9,80,21,11,,,
16:00:41,9,80,21,11,,,
16:00:42,9,80,21,11,,,
16:00:43,9,80,21,11,,,
16:00:45,9,80,21,72,,,
16:00:46,9,80,20,10,,,
16:00:47,9,81,22,11,,,
16:00:48,9,80,22,10,,,
16:00:50,9,81,21,11,,,
16:00:51,9,81,20,284,,,
16:00:52,9,80,20,11,,,
16:00:54,9,80,21,11,,,
16:00:55,9,80,21,11,,,
16:00:56,9,80,21,11,,,
16:00:58,9,80,19,10,,,
16:00:59,10,80,20,11,,,
16:01:00,9,80,21,11,,,
16:01:02,9,80,21,11,,,
16:01:03,10,80,20,11,,,
16:01:04,9,80,21,12,,,
16:01:05,10,80,21,11,,,
16:01:07,10,80,20,11,,,
16:01:08,9,80,20,153,,,
16:01:09,10,80,20,12,,,
16:01:11,10,80,20,11,,,
16:01:12,9,80,20,11,,,
16:01:13,9,80,20,11,,,
16:01:15,10,81,20,13,,,
16:01:16,9,81,21,15,,,
16:01:17,9,80,20,171,,,
16:01:18,10,81,20,278,,,
Timestamp,Temperature,Humid,AQ_value,Sound_value,,,
16:01:24,9,80,20,263,,,
16:01:25,9,81,20,53,,,
16:01:27,9,81,20,11,,,
16:01:28,9,81,19,11,,,
16:01:29,9,81,19,11,,,
16:01:31,9,81,19,738,,,
16:01:32,9,81,19,198,,,
16:01:33,9,81,20,11,,,
16:01:35,9,81,19,546,,,
Timestamp,Temperature,Humid,AQ_value,Sound_value,,,
16:01:40,9,81,20,13,,,
16:01:42,9,81,19,13,,,
16:01:43,9,81,19,12,,,
16:01:44,9,81,18,11,,,
16:01:46,9,81,19,218,,,
16:01:47,9,81,19,12,,,
16:01:48,9,81,18,12,,,
16:01:50,9,81,18,12,,,
16:01:51,9,81,19,207,,,
16:01:52,9,81,19,13,,,
16:01:53,9,81,18,12,,,
16:01:55,9,81,19,12,,,
16:01:56,9,81,19,13,,,
16:01:57,9,81,19,13,,,
16:01:59,9,81,18,12,,,
16:02:00,9,81,17,17,,,
16:02:01,9,81,18,13,,,
16:02:03,9,81,19,13,,,
16:02:04,9,81,18,699,,,
Timestamp,Temperature,Humid,AQ_value,Sound_value,,,
16:02:08,9,81,19,13,,,
16:02:10,9,81,17,71,,,
16:02:11,9,81,19,13,,,
16:02:12,9,81,18,13,,,
16:02:14,9,81,18,193,,,
16:02:15,9,81,18,13,,,
16:02:16,9,81,18,14,,,
16:02:18,9,81,17,13,,,
16:02:19,9,81,17,12,,,
16:02:20,9,81,17,70,,,
16:02:21,9,81,17,458,,,
16:02:23,9,82,17,292,,,
16:02:24,9,82,17,76,,,
16:02:25,9,82,17,380,,,
16:02:27,9,82,17,13,,,
16:02:28,9,82,18,15,,,
16:02:29,9,82,18,12,,,
16:02:31,9,82,17,13,,,
16:02:32,9,82,17,477,,,
16:02:33,9,82,18,13,,,
16:02:34,9,82,17,32,,,
16:02:36,9,82,17,12,,,
16:02:37,9,82,17,12,,,
16:02:38,9,82,17,14,,,
16:02:40,9,82,17,13,,,
16:02:41,9,82,18,13,,,
16:02:42,9,82,17,14,,,
16:02:44,9,82,17,524,,,
16:02:45,9,82,17,227,,,
16:02:46,9,82,17,13,,,
16:02:48,9,82,15,15,,,
16:02:49,9,82,16,14,,,
16:02:50,9,82,18,43,,,
16:02:51,9,82,17,180,,,
16:02:53,9,82,18,15,,,
16:02:54,9,82,17,14,,,
16:02:55,9,82,17,14,,,
16:02:57,9,82,17,14,,,
16:02:58,9,82,17,37,,,
16:02:59,9,82,16,13,,,
16:03:01,9,82,16,13,,,
16:03:02,9,82,17,14,,,
16:03:03,9,82,16,124,,,
16:03:04,9,82,17,14,,,
16:03:06,9,82,17,15,,,
16:03:07,9,82,17,13,,,
16:03:08,9,82,17,14,,,
16:03:10,9,82,16,14,,,
16:03:11,9,82,17,14,,,
16:03:12,9,83,16,14,,,
16:03:14,9,82,17,14,,,
16:03:15,9,82,17,14,,,
16:03:16,9,82,16,14,,,
16:03:17,9,83,16,14,,,
16:03:19,9,82,16,14,,,
Timestamp,Temperature,Humid,AQ_value,Sound_value,,,
16:03:26,9,83,17,15,,,
16:03:28,9,83,16,188,,,
16:03:29,9,83,16,14,,,
16:03:30,9,83,16,15,,,
16:03:32,9,83,17,15,,,
16:03:33,9,83,15,14,,,
16:03:34,9,83,16,256,,,
16:03:35,9,83,15,15,,,
16:03:37,9,83,16,14,,,
16:03:38,9,83,16,143,,,
16:03:39,9,83,15,15,,,
16:03:41,9,83,15,15,,,
16:03:42,9,83,16,114,,,
16:03:43,9,83,16,15,,,
16:03:45,9,83,16,15,,,
16:03:46,9,83,16,15,,,
16:03:47,9,83,16,466,,,
16:03:48,9,83,16,15,,,
16:03:50,9,83,16,15,,,
16:03:51,9,83,15,15,,,
16:03:52,9,83,15,15,,,
16:03:54,9,83,16,15,,,
16:03:55,9,83,15,15,,,
16:03:56,9,83,15,188,,,
16:03:58,9,83,15,545,,,
16:03:59,9,83,15,762,,,
16:04:00,9,83,15,362,,,
16:04:02,9,83,16,16,,,
16:04:03,9,83,15,158,,,
16:04:04,9,83,15,15,,,
16:04:05,9,83,15,15,,,
16:04:07,9,83,15,15,,,
16:04:08,9,83,15,15,,,
16:04:09,9,83,15,15,,,
16:04:11,9,83,15,15,,,
16:04:12,9,83,15,15,,,
16:04:13,9,83,15,15,,,
16:04:15,9,83,15,15,,,
16:04:16,9,83,15,15,,,
16:04:17,9,83,15,15,,,
16:04:18,9,83,15,143,,,
16:04:20,9,83,15,15,,,
16:04:21,9,83,15,390,,,
16:04:22,9,83,15,698,,,
16:04:24,9,83,15,16,,,
16:04:25,9,83,15,15,,,
16:04:26,9,83,15,16,,,
16:04:28,9,83,14,190,,,
16:04:29,9,83,15,16,,,
16:04:30,9,83,15,82,,,
16:04:31,9,83,15,61,,,
16:04:33,9,83,15,16,,,
16:04:34,9,83,15,15,,,
16:04:35,9,83,14,15,,,
16:04:37,9,83,15,15,,,
16:04:38,9,83,14,16,,,
16:04:39,9,83,15,15,,,
16:04:41,9,83,15,764,,,
16:04:42,9,83,14,30,,,
16:04:43,9,83,15,16,,,
16:04:44,9,83,15,15,,,
16:04:46,9,83,15,402,,,
16:04:47,9,83,15,729,,,
16:04:48,9,83,14,455,,,
16:04:50,9,83,15,17,,,
16:04:51,9,83,15,17,,,
16:04:52,9,83,15,16,,,
16:04:54,9,83,14,16,,,
16:04:55,9,83,14,16,,,
16:04:56,9,83,14,16,,,
16:04:58,9,83,15,101,,,
16:04:59,9,83,15,17,,,
16:05:00,9,83,15,97,,,
16:05:01,9,83,15,17,,,
16:05:03,9,83,14,16,,,
16:05:04,9,83,15,16,,,
16:05:05,9,83,15,15,,,
16:05:07,9,83,15,255,,,
16:05:08,9,83,14,16,,,
16:05:09,9,83,15,17,,,
16:05:11,9,83,15,17,,,
16:05:12,9,83,14,17,,,
16:05:13,9,83,14,319,,,
16:05:14,9,83,15,17,,,
16:05:16,9,83,14,17,,,
16:05:17,9,83,15,317,,,
16:05:18,9,83,15,66,,,
16:05:20,9,83,14,17,,,
16:05:21,9,83,14,93,,,
16:05:22,9,83,14,255,,,
16:05:24,9,83,14,463,,,
16:05:25,9,83,15,17,,,
16:05:26,9,83,14,345,,,
16:05:27,9,83,15,16,,,
16:05:29,9,83,15,17,,,
16:05:30,9,83,14,222,,,
16:05:31,9,83,15,113,,,
16:05:33,9,83,13,16,,,
16:05:34,9,83,14,750,,,
16:05:35,9,83,14,59,,,
16:05:37,9,83,15,17,,,
16:05:38,9,83,13,256,,,
16:05:39,9,83,14,18,,,
16:05:40,9,83,14,17,,,
16:05:42,9,83,14,18,,,
16:05:43,9,83,14,17,,,
16:05:44,9,83,14,17,,,
16:05:46,9,83,14,17,,,
16:05:47,9,83,14,17,,,
16:05:48,9,83,14,18,,,
16:05:50,9,83,14,18,,,
16:05:51,9,83,15,69,,,
16:05:52,9,83,14,17,,,
16:05:53,9,83,14,18,,,
16:05:55,9,83,14,18,,,
16:05:56,9,83,14,18,,,
16:05:57,9,83,15,18,,,
16:05:59,9,83,13,18,,,
16:06:00,9,83,13,197,,,
16:06:01,9,83,14,18,,,
16:06:03,9,83,15,18,,,
16:06:04,9,83,14,158,,,
16:06:05,9,83,14,18,,,
16:06:07,9,83,14,125,,,
16:06:08,9,83,14,20,,,
16:06:09,9,83,14,19,,,
16:06:10,9,83,14,18,,,
16:06:12,9,83,14,75,,,
16:06:13,9,83,14,18,,,
16:06:14,9,83,14,18,,,
16:06:16,9,83,13,18,,,
16:06:17,9,83,14,19,,,
16:06:18,9,83,14,18,,,
Timestamp,Temperature,Humid,AQ_value,Sound_value,,,
16:06:28,9,83,15,20,,,
16:06:29,9,83,13,74,,,
16:06:30,9,83,14,21,,,
16:06:32,9,83,13,83,,,
16:06:33,9,83,13,18,,,
16:06:34,9,83,13,470,,,
16:06:35,9,83,13,18,,,
16:06:37,9,83,14,19,,,
16:06:38,9,83,14,19,,,
16:06:39,9,83,13,19,,,
16:06:41,9,83,14,413,,,
16:06:42,9,83,13,173,,,
16:06:43,9,83,13,159,,,
16:06:45,9,83,13,19,,,
16:06:46,9,83,13,324,,,
16:06:47,9,83,13,170,,,
16:06:48,9,83,14,259,,,
16:06:50,9,83,13,22,,,
16:06:51,9,83,11,19,,,
Timestamp,Temperature,Humid,AQ_value,Sound_value,,,
16:06:58,9,83,12,19,,,
16:06:59,9,83,13,19,,,
16:07:01,9,83,13,19,,,
16:07:02,9,83,13,19,,,
16:07:03,9,83,14,19,,,
16:07:04,9,83,13,13,,,
16:07:06,9,83,13,20,,,
16:07:07,9,83,13,19,,,
16:07:08,9,83,13,19,,,
16:07:10,9,83,13,20,,,
16:07:11,9,83,13,168,,,
16:07:12,9,83,13,20,,,
Timestamp,Temperature,Humid,AQ_value,Sound_value,,,
16:07:25,9,83,13,122,,,
16:07:26,9,84,12,20,,,
16:07:28,9,83,14,367,,,
16:07:29,9,84,13,20,,,
16:07:30,9,84,13,20,,,
16:07:32,9,84,13,20,,,
16:07:33,9,84,13,225,,,
16:07:34,9,84,13,96,,,
16:07:35,9,84,13,20,,,
Timestamp,Temperature,Humid,AQ_value,Sound_value,,,
16:07:42,9,84,14,454,,,
16:07:43,9,84,12,20,,,
16:07:45,9,84,13,20,,,
16:07:46,9,84,14,20,,,
16:07:47,9,84,13,163,,,
16:07:49,9,84,13,63,,,
16:07:50,9,84,13,20,,,
16:07:51,9,84,12,21,,,
16:07:53,9,84,13,235,,,
16:07:54,9,84,13,21,,,
16:07:55,9,84,13,20,,,
16:07:56,9,84,11,20,,,
16:07:58,9,84,12,20,,,
16:07:59,9,84,13,20,,,
16:08:00,9,84,13,20,,,
16:08:02,9,84,13,21,,,
16:08:03,9,84,13,21,,,
16:08:04,9,84,13,22,,,
16:08:06,9,84,13,23,,,
16:08:07,9,84,12,19,,,
16:08:08,9,84,12,21,,,
16:08:09,9,84,13,21,,,
16:08:11,9,84,13,21,,,
16:08:12,9,84,13,21,,,
16:08:13,9,84,13,21,,,
16:08:15,9,84,13,82,,,
16:08:16,9,84,13,21,,,
16:08:17,9,84,13,20,,,
16:08:19,9,84,12,12,,,
16:08:20,9,84,13,143,,,
16:08:21,9,84,12,20,,,
16:08:22,9,84,13,21,,,
16:08:24,9,84,13,21,,,
16:08:25,9,84,13,20,,,
16:08:26,9,84,13,94,,,
16:08:28,9,84,13,21,,,
16:08:29,9,84,12,22,,,
16:08:30,9,84,12,21,,,
16:08:32,9,84,12,22,,,
16:08:33,9,84,13,21,,,
16:08:34,9,84,12,21,,,
16:08:36,9,84,13,21,,,
16:08:37,9,84,12,21,,,
16:08:38,9,84,13,21,,,
16:08:39,9,84,13,21,,,
16:08:41,9,84,13,21,,,
16:08:42,9,84,13,82,,,
16:08:43,9,84,13,22,,,
16:08:45,9,84,12,22,,,
16:08:46,9,84,12,21,,,
16:08:47,9,84,13,21,,,
16:08:49,9,84,12,22,,,
16:08:50,9,84,13,115,,,
16:08:51,9,84,13,22,,,
16:08:52,9,84,13,21,,,
16:08:54,9,84,13,21,,,
16:08:55,9,84,13,22,,,
16:08:56,9,84,13,21,,,
16:08:58,9,84,13,22,,,
16:08:59,9,84,12,21,,,
16:09:00,9,84,13,22,,,
16:09:01,9,84,12,22,,,
Timestamp,Temperature,Humid,AQ_value,Sound_value,,,
16:09:10,9,84,13,22,,,
16:09:12,9,84,12,22,,,
16:09:13,9,84,13,21,,,
16:09:14,9,84,13,22,,,
16:09:16,9,84,12,22,,,
16:09:17,9,84,13,22,,,
16:09:18,9,84,12,22,,,
16:09:20,9,84,12,22,,,
16:09:21,9,84,13,26,,,
16:09:22,9,84,12,22,,,
16:09:23,9,84,13,65,,,
Timestamp,Temperature,Humid,AQ_value,Sound_value,,,
16:09:31,9,84,12,23,,,
16:09:33,9,84,13,22,,,
16:09:34,9,84,13,23,,,
16:09:35,9,84,12,156,,,
16:09:37,9,84,13,22,,,
16:09:38,9,84,13,23,,,
16:09:39,9,84,12,23,,,
16:09:40,9,84,13,22,,,
16:09:42,9,84,12,23,,,
16:09:43,9,84,12,22,,,
16:09:44,9,84,12,23,,,
16:09:46,9,84,12,23,,,
16:09:47,9,84,12,23,,,
16:09:48,9,84,12,23,,,
16:09:50,9,84,12,23,,,
16:09:51,9,84,11,22,,,
16:09:52,9,84,12,23,,,
16:09:54,9,84,11,23,,,
16:09:55,9,84,13,23,,,
16:09:56,9,84,14,24,,,
16:09:57,9,84,13,24,,,
16:09:59,9,84,13,157,,,
16:10:00,9,84,13,23,,,
16:10:01,9,84,12,23,,,
16:10:03,9,84,13,23,,,
16:10:04,9,84,12,23,,,
16:10:05,9,84,12,578,,,
16:10:07,9,84,12,23,,,
16:10:08,9,84,12,23,,,
16:10:09,9,84,12,23,,,
16:10:10,9,84,11,155,,,
16:10:12,9,84,12,23,,,
16:10:13,9,84,11,23,,,
16:10:14,9,84,12,23,,,
16:10:16,9,84,11,22,,,
16:10:17,9,84,11,23,,,
16:10:18,9,84,13,24,,,
16:10:20,9,84,11,24,,,
16:10:21,9,84,11,23,,,
16:10:22,9,84,12,24,,,
16:10:23,9,84,11,83,,,
16:10:25,9,84,13,66,,,
16:10:26,9,84,12,23,,,
16:10:27,9,84,12,25,,,
16:10:29,9,84,11,23,,,
16:10:30,9,84,13,24,,,
16:10:31,9,84,12,23,,,
16:10:33,9,84,12,24,,,
16:10:34,9,84,11,89,,,
16:10:35,9,84,12,24,,,
16:10:36,9,84,11,23,,,
16:10:38,9,84,12,12,,,
16:10:39,9,84,12,172,,,
16:10:40,9,84,12,24,,,
16:10:42,9,84,12,24,,,
16:10:43,9,84,12,24,,,
16:10:44,9,84,12,23,,,
16:10:46,9,84,12,24,,,
16:10:47,9,84,12,772,,,
16:10:48,9,84,12,325,,,
16:10:49,9,84,12,628,,,
16:10:51,9,84,12,98,,,
16:10:52,9,84,12,24,,,
16:10:53,9,84,11,24,,,
16:10:55,9,85,12,24,,,
16:10:56,9,85,12,56,,,
16:10:57,9,85,12,455,,,
16:10:59,9,85,11,25,,,
16:11:00,9,85,11,24,,,
16:11:01,9,85,12,24,,,
16:11:02,9,85,12,24,,,
16:11:04,9,85,12,24,,,
Timestamp,Temperature,Humid,AQ_value,Sound_value,,,
16:11:11,9,85,12,25,,,
16:11:12,9,85,11,25,,,
16:11:14,9,85,12,566,,,
16:11:15,9,85,12,24,,,
16:11:16,9,85,11,25,,,
16:11:17,9,85,11,425,,,
16:11:19,9,85,11,249,,,
16:11:20,9,85,11,771,,,
16:11:21,9,85,11,531,,,
16:11:23,9,85,11,25,,,
16:11:24,9,85,11,25,,,
16:11:25,9,85,10,25,,,
16:11:27,9,85,11,26,,,
16:11:28,9,85,11,25,,,
16:11:29,9,85,12,75,,,
16:11:30,9,85,11,25,,,
16:11:32,9,85,10,24,,,
16:11:33,9,85,11,25,,,
Timestamp,Temperature,Humid,AQ_value,Sound_value,,,
16:11:52,9,85,12,26,,,
16:11:53,9,86,12,26,,,
16:11:55,9,86,11,25,,,
16:11:56,9,86,11,25,,,
16:11:57,9,86,11,26,,,
16:11:59,9,86,12,26,,,
16:12:00,9,86,11,26,,,
16:12:01,9,86,11,342,,,
16:12:02,9,86,11,25,,,
16:12:04,9,86,11,286,,,
16:12:05,9,86,11,773,,,
16:12:06,9,86,11,773,,,
16:12:08,9,86,11,765,,,
16:12:09,9,86,11,25,,,
16:12:10,9,86,11,382,,,
16:12:12,9,86,11,25,,,
Timestamp,Temperature,Humid,AQ_value,Sound_value,,,
16:12:18,9,86,11,565,,,
16:12:19,9,86,10,24,,,
16:12:21,9,86,11,238,,,
16:12:22,9,86,11,25,,,
16:12:23,9,86,11,25,,,
16:12:25,9,86,10,26,,,
16:12:26,9,86,10,26,,,
16:12:27,9,86,11,773,,,
16:12:28,9,86,11,25,,,
16:12:30,9,86,11,27,,,
16:12:31,9,86,11,26,,,
16:12:32,9,86,11,27,,,
16:12:34,9,86,11,38,,,
16:12:35,9,86,10,27,,,
16:12:36,9,86,11,26,,,
16:12:38,9,86,11,107,,,
16:12:39,9,86,11,26,,,
16:12:40,9,86,11,277,,,
16:12:41,9,86,11,26,,,
16:12:43,9,86,10,86,,,
16:12:44,9,86,11,26,,,
16:12:45,9,86,11,26,,,
16:12:47,9,86,10,26,,,
16:12:48,9,86,11,26,,,
16:12:49,9,86,10,26,,,
16:12:51,9,86,11,526,,,
16:12:52,9,86,9,65,,,
16:12:53,9,86,11,94,,,
16:12:54,9,86,10,26,,,
16:12:56,9,86,11,207,,,
16:12:57,9,86,11,26,,,
16:12:58,9,86,10,27,,,
16:13:00,9,86,11,27,,,
16:13:01,9,86,10,26,,,
16:13:02,9,86,11,27,,,
16:13:04,9,86,11,179,,,
16:13:05,9,86,11,27,,,
16:13:06,9,86,11,167,,,
16:13:08,9,86,11,225,,,
16:13:09,9,86,11,26,,,
16:13:10,9,86,11,25,,,
16:13:11,9,86,11,26,,,
16:13:13,9,86,11,29,,,
16:13:14,9,86,10,10,,,
16:13:15,9,86,11,27,,,
16:13:17,9,86,11,27,,,
16:13:18,9,86,11,27,,,
16:13:19,9,86,10,26,,,
16:13:21,9,86,10,27,,,
16:13:22,9,86,11,28,,,
16:13:23,9,86,11,27,,,
16:13:24,9,86,10,27,,,
16:13:26,9,86,10,27,,,
16:13:27,9,86,10,27,,,
16:13:28,9,86,11,27,,,
16:13:30,9,86,11,26,,,
16:13:31,9,86,11,27,,,
16:13:32,9,86,11,28,,,
16:13:34,9,86,10,158,,,
16:13:35,9,86,11,27,,,
16:13:36,9,86,11,27,,,
16:13:37,9,86,11,26,,,
16:13:39,9,86,11,27,,,
16:13:40,9,86,11,27,,,
16:13:41,9,86,10,28,,,
16:13:43,9,86,11,27,,,
16:13:44,9,86,11,27,,,
16:13:45,9,86,11,27,,,
16:13:47,9,86,10,253,,,
16:13:48,9,86,11,26,,,
16:13:49,9,86,11,81,,,
16:13:50,9,86,11,28,,,
16:13:52,9,86,10,27,,,
16:13:53,9,86,11,27,,,
16:13:54,9,86,11,106,,,
16:13:56,9,86,11,83,,,
16:13:57,9,86,11,90,,,
16:13:58,9,86,10,63,,,
16:14:00,9,86,11,27,,,
16:14:01,9,86,11,28,,,
16:14:02,9,86,10,62,,,
16:14:03,9,86,11,27,,,
16:14:05,9,86,9,27,,,
16:14:06,9,86,11,277,,,
16:14:07,9,86,10,27,,,
16:14:09,9,86,10,208,,,
16:14:10,9,86,10,28,,,
16:14:11,9,86,10,28,,,
16:14:13,9,86,11,27,,,
16:14:14,9,86,11,27,,,
16:14:15,9,86,11,28,,,
16:14:17,9,86,10,28,,,
16:14:18,9,86,11,95,,,
16:14:19,9,86,10,105,,,
16:14:20,9,86,11,28,,,
16:14:22,9,86,11,247,,,
16:14:23,9,86,11,28,,,
16:14:24,9,86,11,27,,,
16:14:26,9,86,11,29,,,
16:14:27,9,86,11,419,,,
16:14:28,9,86,11,28,,,
16:14:30,9,86,10,28,,,
16:14:31,9,86,10,79,,,
16:14:32,9,86,11,223,,,
16:14:33,9,86,9,175,,,
16:14:35,9,86,11,27,,,
16:14:36,9,86,11,28,,,
16:14:37,9,86,11,237,,,
16:14:39,9,86,11,29,,,
16:14:40,9,86,11,28,,,
16:14:41,9,86,11,28,,,
16:14:43,9,86,11,137,,,
16:14:44,9,86,11,776,,,
16:14:45,9,86,11,28,,,
16:14:46,9,86,11,11,,,
16:14:48,9,86,10,29,,,
16:14:49,9,86,10,29,,,
16:14:50,9,86,10,29,,,
16:14:52,9,86,10,776,,,
16:14:53,9,86,10,28,,,
16:14:54,9,86,10,28,,,
16:14:56,9,86,11,29,,,
16:14:57,9,86,10,28,,,
16:14:58,9,86,11,28,,,
16:15:00,9,86,9,29,,,
16:15:01,9,86,10,29,,,
16:15:02,9,86,11,29,,,
16:15:03,9,86,11,134,,,
16:15:05,9,86,10,29,,,
16:15:06,9,86,10,29,,,
16:15:07,9,86,11,33,,,
16:15:09,9,86,11,29,,,
16:15:10,9,86,10,28,,,
16:15:11,9,86,11,28,,,
16:15:13,9,86,11,29,,,
16:15:14,9,86,10,28,,,
16:15:15,9,86,11,296,,,
16:15:16,9,86,11,31,,,
16:15:18,9,86,11,29,,,
16:15:19,9,86,11,29,,,
16:15:20,9,86,10,29,,,
16:15:22,9,86,11,90,,,
16:15:23,9,86,10,29,,,
16:15:24,9,86,10,29,,,
16:15:26,9,86,11,30,,,
16:15:27,9,86,11,159,,,
16:15:28,9,86,11,182,,,
16:15:29,9,86,11,30,,,
16:15:31,9,86,11,30,,,
16:15:32,9,86,10,28,,,
16:15:33,9,86,11,30,,,
16:15:35,9,86,11,29,,,
16:15:36,9,86,11,29,,,
16:15:37,9,86,11,30,,,
16:15:39,9,86,10,29,,,
16:15:40,9,86,10,30,,,
16:15:41,9,86,10,29,,,
16:15:42,9,86,10,29,,,
16:15:44,9,86,11,75,,,
16:15:45,9,86,10,28,,,
16:15:46,9,86,11,29,,,
16:15:48,9,86,11,75,,,
16:15:49,9,86,9,29,,,
16:15:50,9,86,10,30,,,
16:15:52,9,86,10,30,,,
16:15:53,9,86,10,30,,,
16:15:54,9,86,11,115,,,
16:15:55,9,86,11,164,,,
16:15:57,9,86,10,36,,,
16:15:58,9,86,10,30,,,
16:15:59,9,86,11,29,,,
16:16:01,9,86,10,31,,,
16:16:02,9,86,9,30,,,
16:16:03,9,86,11,29,,,
16:16:05,9,86,11,191,,,
16:16:06,9,86,9,31,,,
16:16:07,9,86,10,139,,,
16:16:09,9,86,9,248,,,
16:16:10,9,86,10,30,,,
16:16:11,9,86,10,645,,,
16:16:12,9,86,10,30,,,
16:16:14,9,86,10,534,,,
16:16:15,9,86,9,30,,,
16:16:16,9,86,10,170,,,
Timestamp,Temperature,Humid,AQ_value,Sound_value,,,
16:16:24,9,86,11,81,,,
16:16:25,9,86,9,30,,,
16:16:27,9,86,10,201,,,
16:16:28,9,86,9,30,,,
16:16:29,9,86,10,30,,,
16:16:30,9,86,10,30,,,
16:16:32,9,86,11,30,,,
16:16:33,9,86,10,30,,,
16:16:34,9,86,10,31,,,
16:16:36,9,86,11,30,,,
16:16:37,9,86,11,31,,,
16:16:38,9,86,10,216,,,
16:16:40,9,86,10,31,,,
16:16:41,9,86,10,204,,,
16:16:42,9,86,10,117,,,
16:16:43,9,86,10,31,,,
Timestamp,Temperature,Humid,AQ_value,Sound_value,,,
16:16:50,9,86,11,31,,,
16:16:52,9,85,10,31,,,
16:16:53,9,85,11,30,,,
16:16:54,9,85,10,30,,,
16:16:55,9,86,10,88,,,
16:16:57,9,85,10,31,,,
16:16:58,9,85,10,31,,,
16:16:59,9,85,10,31,,,
16:17:01,9,85,9,33,,,
16:17:02,9,85,9,30,,,
16:17:03,9,85,10,339,,,
16:17:05,9,85,11,31,,,
16:17:06,9,85,10,31,,,
16:17:07,9,85,10,31,,,
16:17:08,9,85,10,31,,,
16:17:10,9,85,9,31,,,
16:17:11,9,85,10,31,,,
16:17:12,9,85,10,31,,,
16:17:14,9,85,10,31,,,
16:17:15,9,85,11,31,,,
16:17:16,9,85,10,53,,,
16:17:18,9,85,10,31,,,
16:17:19,9,85,9,30,,,
16:17:20,9,85,10,31,,,
16:17:22,9,85,9,31,,,
16:17:23,9,85,10,31,,,
16:17:24,9,85,10,31,,,
16:17:25,9,85,11,31,,,
16:17:27,9,85,9,31,,,
16:17:28,9,85,10,31,,,
16:17:29,9,85,10,779,,,
16:17:31,9,85,9,349,,,
16:17:32,9,85,10,147,,,
16:17:33,9,85,10,31,,,
16:17:35,9,85,11,31,,,
16:17:36,9,85,10,96,,,
16:17:37,9,84,10,31,,,
16:17:38,9,84,10,92,,,
16:17:40,9,84,10,171,,,
16:17:41,9,84,9,31,,,
16:17:42,9,85,10,32,,,
16:17:44,9,84,10,233,,,
16:17:45,9,84,10,100,,,
16:17:46,9,84,10,133,,,
16:17:48,9,84,11,31,,,
16:17:49,9,84,10,270,,,
Timestamp,Temperature,Humid,AQ_value,Sound_value,,,
16:18:01,9,84,11,33,,,
16:18:02,9,84,10,432,,,
16:18:04,9,85,10,32,,,
16:18:05,9,85,10,31,,,
16:18:06,9,85,9,374,,,
16:18:08,9,85,10,517,,,
16:18:09,9,85,10,71,,,
16:18:10,9,85,10,159,,,
16:18:11,9,84,10,35,,,
16:18:13,9,85,9,279,,,
16:18:14,9,84,9,348,,,
16:18:15,9,84,9,32,,,
16:18:17,9,84,9,32,,,
16:18:18,9,84,10,165,,,
16:18:19,9,84,10,758,,,
16:18:21,9,84,10,367,,,
16:18:22,9,84,10,33,,,
16:18:23,9,84,10,32,,,
16:18:24,9,85,10,33,,,
16:18:26,9,84,10,32,,,
16:18:27,9,85,9,32,,,
16:18:28,9,84,10,30,,,
16:18:30,9,85,10,33,,,
16:18:31,9,84,10,33,,,
16:18:32,9,84,9,102,,,
16:18:34,9,84,10,33,,,
16:18:35,9,84,10,263,,,
16:18:36,9,85,10,38,,,
Timestamp,Temperature,Humid,AQ_value,Sound_value,,,
16:18:42,9,85,11,32,,,
16:18:44,9,85,10,33,,,
16:18:45,9,85,10,32,,,
16:18:46,9,85,10,117,,,
16:18:48,9,85,10,780,,,
16:18:49,9,85,9,33,,,
16:18:50,9,85,9,9,,,
16:18:52,9,85,10,33,,,
16:18:53,9,85,9,185,,,
16:18:54,9,85,9,155,,,
16:18:55,9,85,10,33,,,
16:18:57,9,85,9,32,,,
16:18:58,9,85,10,33,,,
16:18:59,9,85,10,33,,,
16:19:01,9,85,10,33,,,
16:19:02,9,85,9,32,,,
16:19:03,9,85,10,145,,,
16:19:05,9,85,9,33,,,
16:19:06,9,85,9,33,,,
16:19:07,9,85,10,33,,,
16:19:08,9,85,10,219,,,
16:19:10,9,85,10,32,,,
16:19:11,9,85,8,8,,,
16:19:12,9,85,9,33,,,
16:19:14,9,85,9,110,,,
16:19:15,9,85,10,34,,,
16:19:16,9,85,9,239,,,
16:19:18,9,85,10,32,,,
16:19:19,9,85,10,33,,,
16:19:20,9,85,11,33,,,
16:19:22,9,85,9,34,,,
16:19:23,9,85,9,33,,,
16:19:24,9,85,10,33,,,
16:19:25,9,85,10,34,,,
Timestamp,Temperature,Humid,AQ_value,Sound_value,,,
16:19:33,9,85,10,353,,,
16:19:34,9,85,10,75,,,
16:19:36,9,85,10,34,,,
16:19:37,9,85,9,776,,,
16:19:38,9,85,10,34,,,
16:19:40,9,85,9,34,,,
16:19:41,9,85,9,286,,,
16:19:42,9,85,10,35,,,
16:19:43,9,85,9,33,,,
16:19:45,9,85,10,34,,,
16:19:46,9,85,9,34,,,
16:19:47,9,85,9,34,,,
16:19:49,9,85,9,34,,,
16:19:50,9,85,10,34,,,
16:19:51,9,85,9,34,,,
16:19:53,9,85,10,33,,,
16:19:54,9,85,10,34,,,
16:19:55,9,85,10,74,,,
Timestamp,Temperature,Humid,AQ_value,Sound_value,,,
16:20:05,9,85,10,84,,,
16:20:06,9,85,10,37,,,
16:20:07,9,85,10,95,,,
16:20:09,9,85,9,39,,,
16:20:10,9,85,9,34,,,
16:20:11,9,85,10,252,,,
16:20:13,9,85,10,36,,,
16:20:14,9,85,10,34,,,
16:20:15,9,85,10,34,,,
16:20:17,9,85,10,35,,,
16:20:18,9,85,9,34,,,
16:20:19,9,85,10,35,,,
16:20:20,9,85,10,34,,,
16:20:22,9,85,10,34,,,
Timestamp,Temperature,Humid,AQ_value,Sound_value,,,
16:20:43,9,85,10,124,,,
16:20:44,9,85,9,35,,,
16:20:46,9,86,10,35,,,
16:20:47,9,85,10,40,,,
16:20:48,9,85,10,34,,,
16:20:50,9,86,9,35,,,
16:20:51,9,86,9,35,,,
16:20:52,9,86,10,35,,,
16:20:54,9,86,10,151,,,
16:20:55,9,86,9,34,,,
16:20:56,9,86,9,35,,,
16:20:57,9,86,9,88,,,
16:20:59,9,86,10,39,,,
16:21:00,9,85,9,35,,,
16:21:01,9,85,9,35,,,
16:21:03,9,85,10,35,,,
16:21:04,9,85,10,35,,,
16:21:05,9,85,9,40,,,
16:21:07,9,85,9,34,,,
16:21:08,9,85,10,216,,,
16:21:09,9,86,9,36,,,
16:21:11,9,85,10,34,,,
16:21:12,9,86,9,35,,,
16:21:13,9,85,10,34,,,
16:21:14,9,85,9,35,,,
16:21:16,9,85,10,35,,,
16:21:17,9,85,8,100,,,
16:21:18,9,85,10,35,,,
16:21:20,9,85,10,34,,,
16:21:21,9,85,9,321,,,
16:21:22,9,85,9,404,,,
16:21:24,9,85,9,480,,,
16:21:25,9,85,10,36,,,
16:21:26,9,85,9,35,,,
16:21:27,9,85,10,36,,,
16:21:29,9,85,9,35,,,
16:21:30,9,85,9,35,,,
16:21:31,9,85,10,47,,,
16:21:33,9,85,9,507,,,
16:21:34,9,85,9,62,,,
16:21:35,9,85,9,108,,,
16:21:37,9,85,9,218,,,
16:21:38,9,85,8,35,,,
16:21:39,9,85,10,35,,,
16:21:40,9,86,10,35,,,
16:21:42,9,85,9,35,,,
16:21:43,9,85,9,124,,,
16:21:44,9,85,10,35,,,
16:21:46,9,85,9,36,,,
16:21:47,9,85,9,36,,,
16:21:48,9,85,9,35,,,
16:21:50,9,85,10,36,,,
16:21:51,9,85,9,35,,,
16:21:52,9,85,9,36,,,
16:21:53,9,85,9,36,,,
16:21:55,9,85,9,35,,,
16:21:56,9,85,9,36,,,
16:21:57,9,85,9,36,,,
16:21:59,9,85,9,202,,,
16:22:00,9,85,9,99,,,
16:22:01,9,85,9,36,,,
16:22:03,9,85,9,36,,,
16:22:04,9,85,9,73,,,
16:22:05,9,85,9,36,,,
16:22:06,9,85,10,37,,,
16:22:08,9,85,10,107,,,
16:22:09,9,85,9,35,,,
16:22:10,9,85,9,37,,,
16:22:12,9,85,9,36,,,
16:22:13,9,85,9,103,,,
16:22:14,9,85,9,36,,,
16:22:16,9,85,9,623,,,
16:22:17,9,85,10,463,,,
16:22:18,9,85,9,784,,,
16:22:20,9,85,9,107,,,
16:22:21,9,85,10,607,,,
16:22:22,9,85,8,307,,,
16:22:23,9,85,9,36,,,
16:22:25,9,85,9,74,,,
16:22:26,9,85,10,36,,,
16:22:27,9,85,9,453,,,
16:22:29,9,85,9,35,,,
16:22:30,9,85,9,37,,,
16:22:31,9,85,9,37,,,
16:22:33,9,85,9,394,,,
16:22:34,9,85,9,37,,,
16:22:35,9,85,10,37,,,
16:22:36,9,85,9,37,,,
16:22:38,9,85,10,224,,,
16:22:39,9,85,9,36,,,
16:22:40,9,85,9,254,,,
16:22:42,9,85,9,36,,,
16:22:43,9,85,9,81,,,
16:22:44,9,85,8,36,,,
16:22:46,9,85,8,37,,,
16:22:47,9,85,9,36,,,
16:22:48,9,85,10,117,,,
16:22:49,9,85,9,37,,,
16:22:51,9,85,8,36,,,
16:22:52,9,85,9,37,,,
16:22:53,9,85,9,37,,,
16:22:55,9,85,9,37,,,
16:22:56,9,85,9,36,,,
16:22:57,9,85,9,37,,,
16:22:59,9,85,9,36,,,
16:23:00,9,85,9,36,,,
16:23:01,9,85,9,66,,,
16:23:03,9,85,8,37,,,
16:23:04,9,85,9,37,,,
16:23:05,9,85,9,75,,,
16:23:06,9,85,9,37,,,
16:23:08,9,85,9,37,,,
16:23:09,9,85,8,37,,,
16:23:10,9,85,9,101,,,
16:23:12,9,85,9,47,,,
16:23:13,9,85,8,37,,,
16:23:14,9,85,9,37,,,
16:23:16,9,85,9,37,,,
16:23:17,9,85,9,37,,,
16:23:18,9,85,9,143,,,
16:23:19,9,85,10,265,,,
16:23:21,9,85,9,38,,,
16:23:22,9,85,9,38,,,
16:23:23,9,85,9,38,,,
16:23:25,9,85,9,92,,,
16:23:26,9,85,9,37,,,
16:23:27,9,85,9,38,,,
16:23:29,9,85,9,38,,,
16:23:30,9,85,8,37,,,
16:23:31,9,85,9,38,,,
16:23:32,9,85,9,37,,,
16:23:34,9,85,9,37,,,
16:23:35,9,85,9,38,,,
16:23:36,9,85,9,37,,,
16:23:38,9,85,9,37,,,
16:23:39,9,85,9,38,,,
16:23:40,9,85,8,8,,,
16:23:42,9,85,9,785,,,
16:23:43,9,85,9,241,,,
16:23:44,9,85,10,39,,,
16:23:45,9,85,9,93,,,
16:23:47,9,85,9,38,,,
16:23:48,9,85,9,43,,,
16:23:49,9,85,9,37,,,
16:23:51,9,85,9,85,,,
16:23:52,9,85,9,38,,,
16:23:53,9,85,9,38,,,
16:23:55,9,85,8,74,,,
16:23:56,9,85,9,126,,,
16:23:57,9,85,9,142,,,
16:23:58,9,85,9,38,,,
16:24:00,9,85,9,358,,,
16:24:01,9,85,9,38,,,
16:24:02,9,85,9,38,,,
16:24:04,9,85,9,38,,,
16:24:05,9,85,10,262,,,
16:24:06,9,85,9,38,,,
16:24:08,9,85,8,39,,,
16:24:09,9,85,9,37,,,
16:24:10,9,85,9,187,,,
16:24:11,9,85,9,167,,,
16:24:13,9,85,9,37,,,
16:24:14,9,85,8,38,,,
16:24:15,9,85,9,37,,,
16:24:17,9,85,10,89,,,
16:24:18,9,85,9,61,,,
16:24:19,9,85,9,40,,,
16:24:21,9,85,9,38,,,
16:24:22,9,85,9,38,,,
16:24:23,9,85,8,38,,,
16:24:24,9,85,9,38,,,
16:24:26,9,85,9,39,,,
16:24:27,9,85,9,39,,,
16:24:28,9,85,9,38,,,
16:24:30,9,85,9,39,,,
16:24:31,9,85,9,39,,,
16:24:32,9,85,9,39,,,
16:24:34,9,85,9,39,,,
16:24:35,9,85,8,39,,,
16:24:36,9,85,9,38,,,
16:24:37,9,85,9,77,,,
16:24:39,9,85,8,38,,,
16:24:40,9,85,9,257,,,
16:24:41,9,85,8,103,,,
16:24:43,9,85,9,39,,,
16:24:44,9,85,9,171,,,
16:24:45,9,85,9,99,,,
16:24:47,9,85,9,209,,,
16:24:48,9,85,9,38,,,
16:24:49,9,85,9,85,,,
16:24:51,9,85,9,39,,,
16:24:52,9,85,8,38,,,
16:24:53,9,85,8,39,,,
16:24:54,9,85,8,376,,,
16:24:56,9,85,8,175,,,
16:24:57,9,85,9,39,,,
16:24:58,9,85,9,39,,,
16:25:00,9,85,10,39,,,
16:25:01,9,85,9,39,,,
16:25:02,9,85,9,39,,,
16:25:04,9,85,9,39,,,
16:25:05,9,85,9,39,,,
16:25:06,9,85,10,114,,,
16:25:07,9,85,9,39,,,
16:25:09,9,85,9,39,,,
16:25:10,9,85,9,39,,,
16:25:11,9,85,9,40,,,
16:25:13,9,85,9,39,,,
16:25:14,9,85,9,38,,,
16:25:15,9,85,8,38,,,
16:25:17,9,85,9,39,,,
16:25:18,9,85,8,39,,,
16:25:19,9,85,9,221,,,
16:25:20,9,85,9,38,,,
16:25:22,9,85,9,39,,,
16:25:23,9,85,9,257,,,
16:25:24,9,85,9,76,,,
16:25:26,9,85,10,38,,,
16:25:27,9,85,8,39,,,
16:25:28,9,85,9,56,,,
16:25:30,9,85,9,39,,,
16:25:31,9,85,9,39,,,
16:25:32,9,86,8,39,,,
16:25:34,9,85,9,92,,,
16:25:35,9,85,10,41,,,
16:25:36,9,85,10,40,,,
16:25:37,9,85,9,39,,,
16:25:39,9,85,9,376,,,
16:25:40,9,85,9,39,,,
16:25:41,9,85,9,96,,,
Timestamp,Temperature,Humid,AQ_value,Sound_value,,,
16:25:49,9,85,9,41,,,
16:25:50,9,86,9,40,,,
16:25:51,9,86,9,40,,,
16:25:53,9,86,9,158,,,
16:25:54,9,86,9,217,,,
16:25:55,9,86,9,665,,,
16:25:57,9,86,8,136,,,
16:25:58,9,86,8,252,,,
16:25:59,9,86,9,40,,,
16:26:00,9,86,9,39,,,
16:26:02,9,86,9,39,,,
16:26:03,9,86,9,39,,,
16:26:04,9,86,9,39,,,
16:26:06,9,86,10,40,,,
16:26:07,9,86,9,39,,,
16:26:08,9,86,9,215,,,
16:26:10,9,86,9,514,,,
16:26:11,9,86,9,40,,,
16:26:12,9,86,9,40,,,
16:26:13,9,86,7,7,,,
16:26:15,9,86,9,40,,,
16:26:16,9,86,8,287,,,
16:26:17,9,86,9,43,,,
16:26:19,9,86,9,43,,,
16:26:20,9,86,9,70,,,
16:26:21,9,86,8,41,,,
16:26:23,9,86,9,124,,,
16:26:24,9,86,9,40,,,
16:26:25,9,86,9,143,,,
16:26:26,9,86,9,205,,,
16:26:28,9,86,9,40,,,
16:26:29,9,86,9,40,,,
16:26:30,9,86,8,39,,,
16:26:32,9,86,9,40,,,
16:26:33,9,86,8,41,,,
16:26:34,9,86,9,41,,,
16:26:36,9,86,9,41,,,
16:26:37,9,86,9,40,,,
16:26:38,9,86,9,41,,,
16:26:39,9,86,8,40,,,
16:26:41,9,86,8,39,,,
16:26:42,9,86,9,40,,,
16:26:43,9,86,9,41,,,
16:26:45,9,86,9,41,,,
16:26:46,9,86,10,101,,,
16:26:47,9,86,9,41,,,
16:26:49,9,86,9,40,,,
16:26:50,9,86,7,40,,,
16:26:51,9,86,8,61,,,
16:26:52,9,86,9,178,,,
16:26:54,9,86,9,158,,,
16:26:55,9,86,9,41,,,
16:26:56,9,86,9,41,,,
16:26:58,9,86,8,41,,,
16:26:59,9,86,9,41,,,
16:27:00,9,86,9,41,,,
16:27:02,9,86,9,41,,,
16:27:03,9,86,9,40,,,
16:27:04,9,86,9,41,,,
16:27:06,9,86,9,341,,,
16:27:07,9,86,9,41,,,
16:27:08,9,87,8,39,,,
16:27:09,9,86,9,40,,,
16:27:11,9,86,9,304,,,
16:27:12,9,86,9,41,,,
16:27:13,9,87,8,41,,,
16:27:15,9,86,9,226,,,
16:27:16,9,86,9,41,,,
16:27:17,9,87,9,41,,,
16:27:19,9,86,10,40,,,
16:27:20,9,87,8,41,,,
16:27:21,9,86,8,41,,,
16:27:22,9,87,9,41,,,
16:27:24,9,86,9,100,,,
Timestamp,Temperature,Humid,AQ_value,Sound_value,,,
16:27:30,9,87,9,42,,,
16:27:32,9,87,10,41,,,
16:27:33,9,87,9,41,,,
16:27:34,9,87,9,41,,,
16:27:36,9,87,9,41,,,
16:27:37,9,87,8,41,,,
16:27:38,9,87,9,41,,,
16:27:39,9,87,9,40,,,
16:27:41,9,87,9,42,,,
16:27:42,9,87,9,42,,,
16:27:43,9,87,9,42,,,
16:27:45,9,87,9,41,,,
16:27:46,9,87,8,106,,,
16:27:47,9,87,9,42,,,
16:27:49,9,87,9,41,,,
16:27:50,9,87,7,41,,,
16:27:51,9,87,9,41,,,
16:27:53,9,87,9,41,,,
16:27:54,9,87,9,41,,,
16:27:55,9,87,9,41,,,
16:27:56,9,87,8,127,,,
16:27:58,9,87,9,219,,,
16:27:59,9,87,9,41,,,
16:28:00,9,87,9,216,,,
16:28:02,9,87,9,193,,,
16:28:03,9,87,9,42,,,
16:28:04,9,87,10,41,,,
16:28:06,9,87,9,42,,,
16:28:07,9,87,9,41,,,
16:28:08,9,87,8,42,,,
16:28:09,9,87,9,42,,,
16:28:11,9,87,9,42,,,
16:28:12,9,87,8,42,,,
16:28:13,9,87,9,42,,,
16:28:15,9,87,9,248,,,
16:28:16,9,87,9,42,,,
16:28:17,9,87,9,41,,,
16:28:19,9,87,9,42,,,
16:28:20,9,87,8,55,,,
16:28:21,9,87,9,42,,,
16:28:22,9,87,9,42,,,
16:28:24,9,87,8,220,,,
16:28:25,9,87,9,42,,,
Timestamp,Temperature,Humid,AQ_value,Sound_value,,,
Timestamp,Temperature,Humid,AQ_value,Sound_value,,,
16:28:43,9,87,9,741,,,
16:28:45,8,88,9,54,,,
16:28:46,8,88,9,42,,,
16:28:47,8,88,8,42,,,
16:28:49,8,88,9,43,,,
16:28:50,8,88,8,344,,,
16:28:51,8,88,8,42,,,
16:28:53,8,88,9,501,,,
16:28:54,8,88,7,42,,,
16:28:55,8,88,8,43,,,
16:28:57,8,88,8,385,,,
16:28:58,8,88,9,43,,,
16:28:59,9,88,8,42,,,
16:29:00,9,88,8,42,,,
16:29:02,9,88,8,43,,,
16:29:03,9,88,9,42,,,
16:29:04,9,88,8,43,,,
16:29:06,9,88,8,43,,,
16:29:07,9,88,10,790,,,
16:29:08,9,88,9,43,,,
16:29:10,9,88,9,43,,,
16:29:11,9,88,8,42,,,
16:29:12,9,88,8,43,,,
16:29:13,9,88,9,42,,,
16:29:15,9,88,8,42,,,
16:29:16,9,88,9,43,,,
16:29:17,9,88,7,43,,,
16:29:19,9,88,9,43,,,
16:29:20,9,88,8,43,,,
16:29:21,9,88,8,42,,,
16:29:23,9,88,7,203,,,
16:29:24,9,88,9,436,,,
16:29:25,9,88,8,42,,,
16:29:26,9,88,9,400,,,
16:29:28,9,88,9,179,,,
16:29:29,9,88,8,790,,,
16:29:30,9,88,8,314,,,
16:29:32,9,88,7,774,,,
16:29:33,9,88,7,42,,,
16:29:34,9,88,8,43,,,
16:29:36,9,88,8,43,,,
16:29:37,9,88,9,178,,,
16:29:38,9,88,7,42,,,
16:29:39,9,88,9,215,,,
16:29:41,9,88,9,43,,,
16:29:42,9,88,9,260,,,
16:29:43,9,88,8,43,,,
16:29:45,9,88,9,43,,,
16:29:46,9,88,7,43,,,
16:29:47,9,88,8,43,,,
16:29:49,9,88,9,43,,,
16:29:50,9,87,8,43,,,
16:29:51,9,88,8,43,,,
16:29:52,9,88,9,43,,,
16:29:54,9,88,8,43,,,
16:29:55,9,88,8,43,,,
16:29:56,9,88,9,123,,,
16:29:58,9,88,9,93,,,
16:29:59,9,88,8,43,,,
16:30:00,9,88,9,193,,,
16:30:02,9,88,8,43,,,
16:30:03,9,88,8,43,,,
16:30:04,9,88,8,77,,,
